---
layout: null
---
# Custom errros
{% for error in site.errors %}
ErrorDocument {{ error.title }} {{ error.url }}
{% endfor %}

# Charset
AddCharset UTF-8 .html
AddCharset UTF-8 .xml
AddCharset UTF-8 .txt
AddCharset UTF-8 .asc

# Browser cache
ExpiresActive On
ExpiresByType image/webp "access plus 1 months"
ExpiresByType image/gif "access plus 1 months"
ExpiresByType image/png "access plus 1 months"
ExpiresByType image/x-icon "access plus 1 months"
ExpiresByType image/svg+xml "access plus 1 months"
AddType font/woff2 .woff2
ExpiresByType font/woff2 "access plus 1 years"

# Moved files
Redirect 301 /posts/ {% link blog.html %}
Redirect 301 /index.xml {% link feed.xml %}
Redirect 301 /feed.rss {% link feed.xml %}
Redirect 301 /about {% link home.html %}
Redirect 301 /photos/ {% link _tags/Photography.md %}
Redirect 301 /my-linux-journey/ {% link _posts/2023-09-14-my-linux-journey.md %}
Redirect 301 /one-webserver-multiple-domains/ {% link _posts/2023-09-14-one-webserver-multiple-domains.md %}
Redirect 301 /selfhost-a-fediverse-gotosocial-instance/ {% link _posts/2023-10-05-selfhost-a-fediverse-gotosocial-instance.md %}
Redirect 301 /cant-leave-spotify/ {% link _posts/2023-10-21-cant-leave-spotify.md %}
Redirect 301 /my-app-defaults-because-everyone-is-doing-them/ {% link _posts/2023-11-07-my-app-defaults-because-everyone-is-doing-them.md %}
Redirect 301 /increasing-this-blogs-readability/ {% link _posts/2023-11-12-increasing-this-blogs-readability.md %}
Redirect 301 /personal-preferences-and-technology/ {% link _posts/2023-11-17-personal-preferences-and-technology.md %}
Redirect 301 /gentoo-has-been-bugging-me/ {% link _posts/2023-11-20-gentoo-has-been-bugging-me.md %}
Redirect 301 /it-has-become-difficult-to-make-contributions-to-openstreetmap/ {% link _posts/2023-12-04-it-has-become-difficult-to-make-contributions-to-openstreetmap.md %}
Redirect 301 /how-to-configure-automatic-updates-on-fedora-with-email-reports/ {% link _posts/2023-12-05-how-to-configure-automatic-updates-on-fedora-with-email-reports.md %}
Redirect 301 /gallery/ {% link _tags/Photography.md %}
Redirect 301 /contact/ {% link home.html %}
Redirect 301 /links/ {% link home.html %}
Redirect 301 /colophon/ {% link home.html %}
Redirect 301 /contributions/ {% link home.html %}
Redirect 301 /categories/ {% link tags.html %}
Redirect 301 /search/ {% link blog.html %}
